# Residue, max change due to CPMG
 20,   0.004
 21,   0.000
 22,   0.002
 27,   0.003
 32,   0.011
 36,   0.005
 38,   0.000
 41,   0.008
 43,   0.013
 44,   0.014
 46,   0.000
 48,   0.080
 49,   0.027
 50,   0.001
 51,   0.000
 52,   0.005
 55,   0.005
 57,   0.006
 58,   0.008
 59,   0.016
 60,   0.027
 61,   0.008
 62,   0.000
 63,   0.017
 64,   0.026
 65,   0.010
 68,   0.002
 72,   0.034
 73,   0.019
 74,   0.069
 75,   0.012
 76,   0.049
 77,   0.002
 78,   0.039
 81,   0.000
 82,   0.005
 84,   0.004
 85,   0.017
 87,   0.000
 92,   0.002
 93,   0.000
 95,   0.001
 96,   0.059
 97,   0.027
 98,   0.121
 99,   0.017
100,   0.007
101,   0.105
104,   0.043
105,   0.023
106,   0.024
109,   0.008
110,   0.022
112,   0.039
120,   0.001
