res65,chg65,sdev65,,res54,chg54,sdev54,,res77,chg77,sdev77,,res85,chg85,sdev85
20,0.366584,0.0803938,,32,0.383403,0.0800954,,20,0.419253,0.111207,,20,0.441957,0.106999
21,0.787436,0.0536052,,41,0.557822,0.068573,,22,0.700536,0.0872105,,27,0.347298,0.126467
22,0.738598,0.0543009,,43,1.14194,0.0769185,,27,0.321568,0.136157,,32,0.41474,0.111412
27,0.380981,0.0780051,,44,0.436491,0.0747373,,32,0.473709,0.102711,,36,0.730356,0.0891487
32,0.606126,0.058155,,48,0.842001,0.069023,,38,0.340511,0.129979,,41,0.520034,0.0979573
36,0.630757,0.0571675,,49,0.458413,0.0730954,,41,0.388864,0.117353,,44,0.675011,0.0900174
41,0.396211,0.0756998,,55,0.727298,0.0674496,,43,1.29665,0.0960416,,48,2.21305,0.150483
43,1.40066,0.0592028,,57,0.713268,0.0673502,,44,0.712836,0.0869233,,50,0.392851,0.115578
44,0.67455,0.0557458,,58,1.18062,0.0782424,,48,2.43726,0.149639,,52,0.65042,0.0906663
46,3.12E-01,9.17E-02,,59,2.21692,0.12186,,49,0.989268,0.0874165,,55,0.758901,0.0889699
48,1.95439,0.0731851,,60,2.10216,0.116535,,50,0.374235,0.120762,,57,0.586194,0.0933256
49,0.90507,0.0529971,,61,0.834631,0.0688891,,52,0.708293,0.0870249,,58,1.02131,0.0925282
51,0.557743,0.0605677,,63,0.804395,0.0683808,,55,0.819144,0.0858004,,59,1.94603,0.134866
52,0.752397,0.0540724,,64,2.3125,0.12632,,57,0.60417,0.0910173,,60,2.54375,0.170633
55,0.767543,0.0538514,,65,0.594679,0.0677941,,58,1.02,0.0880029,,61,0.766425,0.088949
57,0.653138,0.0563913,,72,0.52742,0.0695331,,59,1.98291,0.128109,,63,1.0354,0.0928962
58,1.18083,0.0552291,,73,1.28709,0.0822054,,60,2.00561,0.127632,,64,1.79076,0.126629
59,2.2738,0.0824664,,74,1.87495,0.106685,,61,0.773933,0.0860113,,75,0.368029,0.121095
60,2.12225,0.0779649,,75,0.606693,0.0676189,,63,1.05949,0.0888584,,76,0.877632,0.0896565
61,0.916519,0.0530022,,76,1.85478,0.105853,,64,1.85359,0.120494,,77,1.05867,0.0935333
62,0.572142,0.0597778,,78,0.674251,0.0672178,,65,0.40132,0.114691,,78,1.45426,0.109322
63,1.14414,0.0547244,,81,0.664526,0.0672219,,68,0.341576,0.129655,,82,0.46858,0.103378
64,1.90676,0.0718723,,82,0.553981,0.0686773,,72,1.20873,0.0930018,,84,0.421491,0.110243
65,0.556754,0.0606244,,85,1.19938,0.0789081,,73,0.907492,0.0862471,,85,0.85387,0.0893677
68,0.299982,0.0949201,,96,0.988193,0.072327,,76,0.897858,0.0861523,,87,0.628927,0.0913893
72,1.13642,0.054625,,97,0.507681,0.0703369,,77,1.02421,0.0880888,,96,1.81717,0.128008
73,1.07321,0.0539056,,98,1.03311,0.0735555,,78,1.43662,0.101625,,97,1.01935,0.0924782
74,3.26182,0.108862,,99,0.998901,0.0726113,,82,0.453021,0.105609,,98,3.29835,0.204307
75,0.473797,0.0667089,,100,4.66115,0.207894,,84,0.449713,0.106108,,109,0.628692,0.0913981
76,1.03022,0.0535214,,101,1.52927,0.0923111,,85,0.855909,0.085864,,110,1.37341,0.105445
77,1.01228,0.0533889,,104,1.10822,0.0758186,,92,0.290272,0.148385,,112,0.965538,0.091212
78,1.40119,0.059214,,105,1.95727,0.110138,,95,0.290679,0.148207,,,,
82,0.498184,0.0646163,,106,0.510307,0.070221,,96,2.16255,0.13542,,kEX,381.272,28.4992
84,0.511208,0.0636113,,112,0.394249,0.0788171,,97,1.04069,0.0884374,,pA,0.933959,0.00330702
85,0.893865,0.0530017,,,,,,98,1.31512,0.0967303,,,,
92,0.322623,0.0892266,,kEX,321.002,18.168,,99,0.754378,0.0862172,,,,
93,0.349022,0.0836192,,pA,0.978525,0.000882238,,100,4.53457,0.232321,,,,
95,0.276956,0.101763,,,,,,101,3.63138,0.197098,,,,
96,1.86985,0.0708668,,,,,,106,0.992998,0.0874838,,,,
97,0.990355,0.0532508,,,,,,109,0.576749,0.0927229,,,,
98,0.869077,0.053048,,,,,,110,1.57382,0.10768,,,,
99,1.09606,0.0541455,,,,,,112,1.1755,0.0919633,,,,
100,4.51336,0.137056,,,,,,120,0.366206,0.122774,,,,
101,3.01581,0.102998,,,,,,,,,,,,
104,1.96474,0.0734731,,,,,,kEX,403.51,22.6192,,,,
105,2.42091,0.0868934,,,,,,pA,0.928323,0.00288468,,,,
106,0.983772,0.0532147,,,,,,,,,,,,
109,0.466994,0.0673461,,,,,,,,,,,,
110,1.13075,0.0545534,,,,,,,,,,,,
112,1.03265,0.0535407,,,,,,,,,,,,
120,0.344967,0.0844177,,,,,,,,,,,,
,,,,,,,,,,,,,,
kEX,456.923,14.0329,,,,,,,,,,,,
pA,0.944255,0.00115498,,,,,,,,,,,,