pH,D18A,D48A,D52A,D52N,D66A,D101A,D119A,D18A/D48A,D18A/D52A,D48A/D52A,D18A/D48A/D52A,D18A/D48A/D101A,D18A/D52A/D101A
1.5,-0.5,2.5,1.4,-0.7,2.1,-0.9,2.4,0.7,-0.7,3.1,1.9,-0.2,-1.2
2,1,4.4,2.3,-0.4,4.2,-1.9,2.1,1.1,-0.3,4.8,3,0.2,-1.2
3,1.9,7.1,3,0.6,7.7,-1.4,3.2,7,2.4,9.6,8.5,6.6,2.1
3.5,2.9,8.2,4.1,-0.1,10.7,-1.2,2.5,9.5,2.1,12,11.4,8.9,3.2
4,1.8,8.7,3.8,-0.2,10.6,-1.5,4,10.8,4.9,12.6,13.5,11.9,4.3
5,3.6,8.6,1.7,-1.1,9.8,-2.1,4.4,10.5,5.2,9.5,13.5,9.8,3.2
6,3.9,7.3,-0.6,-4.2,9.7,-2.4,5,12.4,3.4,9.7,10.8,10.9,1.3
7,3.5,6.9,-2.4,-4.9,7.5,-3,4.6,11.2,2.4,5.8,8.8,11.8,-0.3
8,5.2,8,-1.4,-4.6,8.8,-1.8,6.2,12.1,3,5.1,9.9,10.4,-0.4
9,1.4,0.7,-1.4,-0.6,3.2,-2.2,1.9,0.6,0.5,6.4,2.3,1.3,0.9
10,3.2,4.3,-1,-2.9,7.9,-4.4,7.1,8.6,2.6,5.5,8.4,7.4,1.7
10.5,3.3,4.3,-1.1,-5.3,6.8,-5.2,7.8,8.6,2.8,6,9.3,5.8,0.7
11,3.1,3.6,-2.7,-3.1,5.8,-7.2,10,8.4,3,4.1,11.8,5.6,0.7
