pH,WT,D18A ,E35Q,D48A,D52A,D52N,D66A,D101A,D119A,D18A+D48A,D18A+D52A,D48A+D52A,D18A+D48+D52A,D18A+D48A+D101A,D18A+D52A+D101A
1.5,0,0.6,-6.7,-3,-1.5,0.6,-2.2,0.9,-2.6,-1.1,0.8,-3.1,-2.1,0.2,1.2
2,6,4.9,0.1,1,3.9,6.3,2.4,7.5,2.5,4.9,6.6,1.3,2.9,5.8,7.1
3,20.8,19.2,17,13.6,18.6,20.2,15.3,21.8,18.3,14.5,18.7,13,12.8,15.9,19.2
3.5,24.8,22.4,20.8,16.9,22.1,24.9,17.5,26,22.3,16.3,21.3,15.7,14.4,18.1,22.2
4,26.5,24.3,22.8,18.5,23.9,26.7,19.8,27.5,23.5,16.5,22.3,17.4,14.9,18.6,23.2
5,26.5,23.4,25.4,18.6,25.3,27.9,19.3,27.6,23.2,16,22.5,18.6,15.9,18.2,24.2
6,24.7,21.5,25.8,17.8,25,27,18.2,26.1,21.1,14.4,21.9,18.3,15.5,16.7,23.7
7,22.9,20.2,24.8,16.6,24.5,26.2,17.3,24.9,19.7,13.3,20.9,18.8,15,15.3,23.2
8,22.5,18.6,23.8,15.9,23.4,25.4,17.1,23.6,18.6,11.8,20.1,18,14.1,15,22.8
9,24.3,22.4,26.7,22,25.7,25.4,20.2,27.3,20.9,22.1,23.3,17.6,20.2,21.8,23.5
10,19.1,17.1,20.1,15.5,19.6,20.9,14,21.3,14.1,12.3,17.5,15.1,12.9,14,18.2
10.5,17,15.2,18.1,13.8,17.5,19.5,12.3,19.2,12.3,10.8,15.3,13.1,10.2,13.6,16.5
11,14.7,13.1,16.4,11.9,16,16.1,10.8,17.6,9.2,8.5,13.1,11.9,6.9,11.3,14.4